{
"lengthUnit": "mil",
"components": {
	"fields": ["COMPONENT_NO", "COMPONENT_NAME", "LAYER", "X_COORDINATE", "Y_COORDINATE", "ANGLE"],
	"rows": [
		[1, "U1", "T", 385, 1175, 0],
		[2, "U2", "T", 845, 1860, 0]
	]
},
"pins": {
	"fields": ["PIN_NO", "PIN_NAME", "PIN_X", "PIN_Y", "LAYER", "PIN_TYPE", "NET_NAME", "NET_TYPE", "PAD_SHAPE", "PAD_SIZEX", "PAD_SIZEY", "HOLE_SIZE", "PAD_ANGLE"],
	"rows": [
		[1, "U1_1", 485, 975, "T", "DIP", "U1_1", "", "C", 60, 60, 31.4, 0],
		[2, "U1_1", 485, 975, "B", "DIP", "U1_1", "", "C", 60, 60, 31.4, 0],
		[3, "U1_2", 485, 875, "T", "DIP", "U1_2", "", "C", 60, 60, 31.4, 0],
		[4, "U1_2", 485, 875, "B", "DIP", "U1_2", "", "C", 60, 60, 31.4, 0],
		[5, "U1_3", 385, 875, "T", "DIP", "U1_3", "", "C", 60, 60, 31.4, 0],
		[6, "U1_3", 385, 875, "B", "DIP", "U1_3", "", "C", 60, 60, 31.4, 0],
		[7, "U1_4", 485, 775, "T", "DIP", "U1_4", "", "C", 60, 60, 31.4, 0],
		[8, "U1_4", 485, 775, "B", "DIP", "U1_4", "", "C", 60, 60, 31.4, 0],
		[9, "U1_5", 385, 775, "T", "DIP", "U2_5", "", "C", 60, 60, 31.4, 0],
		[10, "U1_5", 385, 775, "B", "DIP", "U2_5", "", "C", 60, 60, 31.4, 0],
		[11, "U1_6", 485, 675, "T", "DIP", "U1_6", "", "C", 60, 60, 31.4, 0],
		[12, "U1_6", 485, 675, "B", "DIP", "U1_6", "", "C", 60, 60, 31.4, 0],
		[13, "U1_7", 385, 675, "T", "DIP", "U1_7", "", "C", 60, 60, 31.4, 0],
		[14, "U1_7", 385, 675, "B", "DIP", "U1_7", "", "C", 60, 60, 31.4, 0],
		[15, "U1_8", 485, 575, "T", "DIP", "U1_8", "", "C", 60, 60, 31.4, 0],
		[16, "U1_8", 485, 575, "B", "DIP", "U1_8", "", "C", 60, 60, 31.4, 0],
		[17, "U1_9", 385, 575, "T", "DIP", "U1_9", "", "C", 60, 60, 31.4, 0],
		[18, "U1_9", 385, 575, "B", "DIP", "U1_9", "", "C", 60, 60, 31.4, 0],
		[19, "U1_10", 485, 475, "T", "DIP", "U1_10", "", "C", 60, 60, 31.4, 0],
		[20, "U1_10", 485, 475, "B", "DIP", "U1_10", "", "C", 60, 60, 31.4, 0],
		[21, "U1_11", 385, 475, "T", "DIP", "U1_11", "", "C", 60, 60, 31.4, 0],
		[22, "U1_11", 385, 475, "B", "DIP", "U1_11", "", "C", 60, 60, 31.4, 0],
		[23, "U1_12", 385, 375, "T", "DIP", "U2_12", "", "C", 60, 60, 31.4, 0],
		[24, "U1_12", 385, 375, "B", "DIP", "U2_12", "", "C", 60, 60, 31.4, 0],
		[25, "U1_13", 485, 375, "T", "DIP", "U2_3", "", "C", 60, 60, 31.4, 0],
		[26, "U1_13", 485, 375, "B", "DIP", "U2_3", "", "C", 60, 60, 31.4, 0],
		[27, "U1_14", 485, 275, "T", "DIP", "U2_4", "", "C", 60, 60, 31.4, 0],
		[28, "U1_14", 485, 275, "B", "DIP", "U2_4", "", "C", 60, 60, 31.4, 0],
		[29, "U1_15", 1185, 275, "T", "DIP", "U1_15", "", "C", 60, 60, 31.4, 0],
		[30, "U1_15", 1185, 275, "B", "DIP", "U1_15", "", "C", 60, 60, 31.4, 0],
		[31, "U1_16", 1285, 475, "T", "DIP", "U1_16", "", "C", 60, 60, 31.4, 0],
		[32, "U1_16", 1285, 475, "B", "DIP", "U1_16", "", "C", 60, 60, 31.4, 0],
		[33, "U1_17", 1185, 475, "T", "DIP", "U1_17", "", "C", 60, 60, 31.4, 0],
		[34, "U1_17", 1185, 475, "B", "DIP", "U1_17", "", "C", 60, 60, 31.4, 0],
		[35, "U1_18", 1285, 575, "T", "DIP", "U1_18", "", "C", 60, 60, 31.4, 0],
		[36, "U1_18", 1285, 575, "B", "DIP", "U1_18", "", "C", 60, 60, 31.4, 0],
		[37, "U1_21", 1185, 575, "T", "DIP", "U1_21", "", "C", 60, 60, 31.4, 0],
		[38, "U1_21", 1185, 575, "B", "DIP", "U1_21", "", "C", 60, 60, 31.4, 0],
		[39, "U1_33", 1285, 675, "T", "DIP", "U1_33", "", "C", 60, 60, 31.4, 0],
		[40, "U1_33", 1285, 675, "B", "DIP", "U1_33", "", "C", 60, 60, 31.4, 0],
		[41, "U1_34", 1185, 675, "T", "DIP", "U1_34", "", "C", 60, 60, 31.4, 0],
		[42, "U1_34", 1185, 675, "B", "DIP", "U1_34", "", "C", 60, 60, 31.4, 0],
		[43, "U1_35", 1285, 775, "T", "DIP", "U1_35", "", "C", 60, 60, 31.4, 0],
		[44, "U1_35", 1285, 775, "B", "DIP", "U1_35", "", "C", 60, 60, 31.4, 0],
		[45, "U1_36", 1185, 775, "T", "DIP", "U1_36", "", "C", 60, 60, 31.4, 0],
		[46, "U1_36", 1185, 775, "B", "DIP", "U1_36", "", "C", 60, 60, 31.4, 0],
		[47, "U1_37", 1285, 875, "T", "DIP", "U1_37", "", "C", 60, 60, 31.4, 0],
		[48, "U1_37", 1285, 875, "B", "DIP", "U1_37", "", "C", 60, 60, 31.4, 0],
		[49, "U1_38", 1185, 875, "T", "DIP", "U1_38", "", "C", 60, 60, 31.4, 0],
		[50, "U1_38", 1185, 875, "B", "DIP", "U1_38", "", "C", 60, 60, 31.4, 0],
		[51, "U1_39", 1285, 975, "T", "DIP", "U1_39", "", "C", 60, 60, 31.4, 0],
		[52, "U1_39", 1285, 975, "B", "DIP", "U1_39", "", "C", 60, 60, 31.4, 0],
		[53, "U1_40", 1185, 975, "T", "DIP", "U1_40", "", "C", 60, 60, 31.4, 0],
		[54, "U1_40", 1185, 975, "B", "DIP", "U1_40", "", "C", 60, 60, 31.4, 0],
		[55, "U1_3V3", 385, 275, "T", "DIP", "U2_8", "", "C", 60, 60, 31.4, 0],
		[56, "U1_3V3", 385, 275, "B", "DIP", "U2_8", "", "C", 60, 60, 31.4, 0],
		[57, "U1_EN", 385, 975, "T", "DIP", "U1_EN", "", "C", 60, 60, 31.4, 0],
		[58, "U1_EN", 385, 975, "B", "DIP", "U1_EN", "", "C", 60, 60, 31.4, 0],
		[59, "U1_GND", 1285, 375, "T", "DIP", "U2_1", "", "C", 60, 60, 31.4, 0],
		[60, "U1_GND", 1285, 375, "B", "DIP", "U2_1", "", "C", 60, 60, 31.4, 0],
		[61, "U1_GND", 1185, 375, "T", "DIP", "U2_1", "", "C", 60, 60, 31.4, 0],
		[62, "U1_GND", 1185, 375, "B", "DIP", "U2_1", "", "C", 60, 60, 31.4, 0],
		[63, "U1_VBUS", 1285, 275, "T", "DIP", "U1_VBUS", "", "C", 60, 60, 31.4, 0],
		[64, "U1_VBUS", 1285, 275, "B", "DIP", "U1_VBUS", "", "C", 60, 60, 31.4, 0],
		[65, "U2_1", 445, 2110, "T", "DIP", "U2_1", "", "C", 70, 70, 40, 0],
		[66, "U2_1", 445, 2110, "B", "DIP", "U2_1", "", "C", 70, 70, 40, 0],
		[67, "U2_2", 445, 2010, "T", "DIP", "U2_2", "", "C", 70, 70, 40, 0],
		[68, "U2_2", 445, 2010, "B", "DIP", "U2_2", "", "C", 70, 70, 40, 0],
		[69, "U2_3", 445, 1910, "T", "DIP", "U2_3", "", "C", 70, 70, 40, 0],
		[70, "U2_3", 445, 1910, "B", "DIP", "U2_3", "", "C", 70, 70, 40, 0],
		[71, "U2_4", 445, 1810, "T", "DIP", "U2_4", "", "C", 70, 70, 40, 0],
		[72, "U2_4", 445, 1810, "B", "DIP", "U2_4", "", "C", 70, 70, 40, 0],
		[73, "U2_5", 445, 1710, "T", "DIP", "U2_5", "", "C", 70, 70, 40, 0],
		[74, "U2_5", 445, 1710, "B", "DIP", "U2_5", "", "C", 70, 70, 40, 0],
		[75, "U2_6", 445, 1610, "T", "DIP", "U2_6", "", "C", 70, 70, 40, 0],
		[76, "U2_6", 445, 1610, "B", "DIP", "U2_6", "", "C", 70, 70, 40, 0],
		[77, "U2_7", 1245, 2110, "T", "DIP", "U2_7", "", "C", 70, 70, 40, 0],
		[78, "U2_7", 1245, 2110, "B", "DIP", "U2_7", "", "C", 70, 70, 40, 0],
		[79, "U2_8", 1245, 2010, "T", "DIP", "U2_8", "", "C", 70, 70, 40, 0],
		[80, "U2_8", 1245, 2010, "B", "DIP", "U2_8", "", "C", 70, 70, 40, 0],
		[81, "U2_9", 1245, 1910, "T", "DIP", "U2_9", "", "C", 70, 70, 40, 0],
		[82, "U2_9", 1245, 1910, "B", "DIP", "U2_9", "", "C", 70, 70, 40, 0],
		[83, "U2_10", 1245, 1810, "T", "DIP", "U2_10", "", "C", 70, 70, 40, 0],
		[84, "U2_10", 1245, 1810, "B", "DIP", "U2_10", "", "C", 70, 70, 40, 0],
		[85, "U2_11", 1245, 1710, "T", "DIP", "U2_11", "", "C", 70, 70, 40, 0],
		[86, "U2_11", 1245, 1710, "B", "DIP", "U2_11", "", "C", 70, 70, 40, 0],
		[87, "U2_12", 1245, 1610, "T", "DIP", "U2_12", "", "C", 70, 70, 40, 0],
		[88, "U2_12", 1245, 1610, "B", "DIP", "U2_12", "", "C", 70, 70, 40, 0]
	]
}
}